Employee ID,THEME
UP-EMP-071,NONFARM LH
UP-EMP-1005,NONFARM LH
UP-EMP-1012,M&E
UP-EMP-1047,M&E
UP-EMP-1074,MF&FI
UP-EMP-1266,Farm LH
UP-EMP-133,Farm LH
UP-EMP-1404,SISD
UP-EMP-1447,MF&FI
UP-EMP-1587,Farm LH
UP-EMP-1610,NONFARM LH
UP-EMP-1660,SISD
UP-EMP-1670,MF&FI
UP-EMP-1783,NONFARM LH
UP-EMP-190,M&E
UP-EMP-1973,SISD
UP-EMP-1982,MF&FI
UP-EMP-2101,M&E
UP-EMP-2233,SISD
UP-EMP-2244,MF&FI
UP-EMP-2363,NONFARM LH
UP-EMP-2395,Farm LH
UP-EMP-245,NONFARM LH
UP-EMP-253,M&E
UP-EMP-2602,SMCB
UP-EMP-2798,SISD
UP-EMP-2799,Farm LH
UP-EMP-2802,M&E
UP-EMP-2823,MF&FI
UP-EMP-3006,Farm LH
UP-EMP-3268,Farm LH
UP-EMP-327,SMCB
UP-EMP-3354,SMCB
UP-EMP-3413,M&E
UP-EMP-354,Farm LH
UP-EMP-3683,MF&FI
UP-EMP-556,Farm LH
UP-EMP-581,SMCB
UP-EMP-596,NONFARM LH
UP-EMP-774,SMCB
UP-EMP-847,MF&FI
UP-EMP-862,NONFARM LH
UP-EMP-929,NONFARM LH
UP-EMP-011,NONFARM LH
UP-EMP-053,NONFARM LH
UP-EMP-101,SISD
UP-EMP-1079,Farm LH
UP-EMP-110,M&E
UP-EMP-1110,Farm LH
UP-EMP-1112,NONFARM LH
UP-EMP-1114,SMCB
UP-EMP-1164,Farm LH
UP-EMP-1319,NONFARM LH
UP-EMP-1323,MF&FI
UP-EMP-1436,SISD
UP-EMP-160,MF&FI
UP-EMP-1647,NONFARM LH
UP-EMP-1735,NONFARM LH
UP-EMP-1796,Farm LH
UP-EMP-1812,SMCB
UP-EMP-1844,Farm LH
UP-EMP-1988,MF&FI
UP-EMP-2701,M&E
UP-EMP-2751,Farm LH
UP-EMP-2821,Farm LH
UP-EMP-3050,NONFARM LH
UP-EMP-3140,SISD
UP-EMP-3267,SMCB
UP-EMP-328,SISD
UP-EMP-3319,M&E
UP-EMP-3342,SISD
UP-EMP-3529,SMCB
UP-EMP-3728,SMCB
UP-EMP-423,NONFARM LH
UP-EMP-582,NONFARM LH
UP-EMP-718,Farm LH
UP-EMP-822,Farm LH
UP-EMP-881,SMCB
UP-EMP-078,Farm LH
UP-EMP-1050,Farm LH
UP-EMP-1052,M&E
UP-EMP-1241,SISD
UP-EMP-1244,Farm LH
UP-EMP-1313,SISD
UP-EMP-1471,M&E
UP-EMP-1507,MF&FI
UP-EMP-1557,SMCB
UP-EMP-1576,MF&FI
UP-EMP-1675,SISD
UP-EMP-1928,MF&FI
UP-EMP-1981,NONFARM LH
UP-EMP-2134,Farm LH
UP-EMP-2204,SISD
UP-EMP-2219,MF&FI
UP-EMP-2625,MF&FI
UP-EMP-2651,SISD
UP-EMP-2694,NONFARM LH
UP-EMP-2697,NONFARM LH
UP-EMP-2698,MF&FI
UP-EMP-2861,SMCB
UP-EMP-2997,MF&FI
UP-EMP-3325,SISD
UP-EMP-3466,SMCB
UP-EMP-3555,SMCB
UP-EMP-383,NONFARM LH
UP-EMP-574,Farm LH
UP-EMP-652,MF&FI
UP-EMP-738,NONFARM LH
UP-EMP-992,SISD
UP-EMP-083,SMCB
UP-EMP-1024,MF&FI
UP-EMP-1049,SISD
UP-EMP-1053,NONFARM LH
UP-EMP-1071,SISD
UP-EMP-111,SISD
UP-EMP-1237,SMCB
UP-EMP-1290,NONFARM LH
UP-EMP-1330,MF&FI
UP-EMP-1429,SMCB
UP-EMP-1744,MF&FI
UP-EMP-1745,MF&FI
UP-EMP-1924,SISD
UP-EMP-1949,MF&FI
UP-EMP-2043,MF&FI
UP-EMP-2121,SMCB
UP-EMP-2448,SMCB
UP-EMP-2645,SISD
UP-EMP-287,MF&FI
UP-EMP-3047,NONFARM LH
UP-EMP-326,NONFARM LH
UP-EMP-332,Farm LH
UP-EMP-3383,Farm LH
UP-EMP-3417,SMCB
UP-EMP-344,Farm LH
UP-EMP-3626,M&E
UP-EMP-3633,SISD
UP-EMP-3717,SISD
UP-EMP-459,Farm LH
UP-EMP-664,M&E
UP-EMP-699,SMCB
UP-EMP-721,M&E
UP-EMP-745,MF&FI
UP-EMP-907,SISD
UP-EMP-935,SISD
UP-EMP-946,Farm LH
UP-EMP-1108,SMCB
UP-EMP-1416,NONFARM LH
UP-EMP-1502,MF&FI
UP-EMP-1661,NONFARM LH
UP-EMP-1774,SISD
UP-EMP-1787,M&E
UP-EMP-1819,NONFARM LH
UP-EMP-2384,M&E
UP-EMP-2561,SISD
UP-EMP-2623,NONFARM LH
UP-EMP-2684,SISD
UP-EMP-2955,NONFARM LH
UP-EMP-3054,SMCB
UP-EMP-3061,SISD
UP-EMP-3322,M&E
UP-EMP-3350,MF&FI
UP-EMP-3702,Farm LH
UP-EMP-3731,NONFARM LH
UP-EMP-636,SISD
UP-EMP-754,NONFARM LH
UP-EMP-802,SMCB
UP-EMP-1061,M&E
UP-EMP-1337,Farm LH
UP-EMP-138,MF&FI
UP-EMP-1518,Farm LH
UP-EMP-1582,SMCB
UP-EMP-1814,M&E
UP-EMP-1836,SMCB
UP-EMP-1906,SMCB
UP-EMP-2242,MF&FI
UP-EMP-2549,SISD
UP-EMP-2603,SMCB
UP-EMP-2619,Farm LH
UP-EMP-2715,Farm LH
UP-EMP-2967,MF&FI
UP-EMP-351,Farm LH
UP-EMP-3582,Farm LH
UP-EMP-3781,NONFARM LH
UP-EMP-3829,SISD
UP-EMP-385,M&E
UP-EMP-489,NONFARM LH
UP-EMP-575,SMCB
UP-EMP-925,M&E
UP-EMP-974,SMCB
UP-EMP-025,SISD
UP-EMP-1038,SMCB
UP-EMP-1246,SMCB
UP-EMP-1307,NONFARM LH
UP-EMP-1383,Farm LH
UP-EMP-1938,NONFARM LH
UP-EMP-196,NONFARM LH
UP-EMP-2040,Farm LH
UP-EMP-2056,SISD
UP-EMP-2127,MF&FI
UP-EMP-2175,M&E
UP-EMP-2305,NONFARM LH
UP-EMP-2340,Farm LH
UP-EMP-2344,NONFARM LH
UP-EMP-2451,MF&FI
UP-EMP-2557,SISD
UP-EMP-2560,NONFARM LH
UP-EMP-2770,Farm LH
UP-EMP-2783,MF&FI
UP-EMP-2820,M&E
UP-EMP-2882,SISD
UP-EMP-289,SMCB
UP-EMP-2961,Farm LH
UP-EMP-2999,NONFARM LH
UP-EMP-3000,Farm LH
UP-EMP-3174,SMCB
UP-EMP-3370,SISD
UP-EMP-419,NONFARM LH
UP-EMP-566,Farm LH
UP-EMP-726,NONFARM LH
UP-EMP-818,M&E
UP-EMP-977,SISD
UP-EMP-023,NONFARM LH
UP-EMP-082,SMCB
UP-EMP-1008,NONFARM LH
UP-EMP-1009,M&E
UP-EMP-1057,MF&FI
UP-EMP-1120,M&E
UP-EMP-1214,SISD
UP-EMP-1291,NONFARM LH
UP-EMP-1463,Farm LH
UP-EMP-1564,SMCB
UP-EMP-1572,SMCB
UP-EMP-1616,Farm LH
UP-EMP-1651,SMCB
UP-EMP-171,MF&FI
UP-EMP-1728,NONFARM LH
UP-EMP-1820,MF&FI
UP-EMP-1840,SMCB
UP-EMP-1909,MF&FI
UP-EMP-1948,M&E
UP-EMP-1962,NONFARM LH
UP-EMP-2128,NONFARM LH
UP-EMP-214,NONFARM LH
UP-EMP-2142,NONFARM LH
UP-EMP-2164,Farm LH
UP-EMP-2165,SMCB
UP-EMP-2249,NONFARM LH
UP-EMP-2254,SISD
UP-EMP-2276,SMCB
UP-EMP-2331,NONFARM LH
UP-EMP-2352,Farm LH
UP-EMP-2371,Farm LH
UP-EMP-2380,SISD
UP-EMP-239,M&E
UP-EMP-244,MF&FI
UP-EMP-2604,NONFARM LH
UP-EMP-2609,M&E
UP-EMP-2705,Farm LH
UP-EMP-2711,Farm LH
UP-EMP-2721,NONFARM LH
UP-EMP-2759,MF&FI
UP-EMP-2782,M&E
UP-EMP-2819,Farm LH
UP-EMP-2938,SISD
UP-EMP-3038,MF&FI
UP-EMP-3043,MF&FI
UP-EMP-3051,NONFARM LH
UP-EMP-3134,M&E
UP-EMP-3168,M&E
UP-EMP-3381,Farm LH
UP-EMP-3405,M&E
UP-EMP-3484,Farm LH
UP-EMP-3526,SISD
UP-EMP-3581,NONFARM LH
UP-EMP-3614,SMCB
UP-EMP-3682,MF&FI
UP-EMP-3723,M&E
UP-EMP-3751,MF&FI
UP-EMP-3912,NONFARM LH
UP-EMP-407,SMCB
UP-EMP-530,NONFARM LH
UP-EMP-535,NONFARM LH
UP-EMP-571,SISD
UP-EMP-624,SISD
UP-EMP-669,NONFARM LH
UP-EMP-739,Farm LH
UP-EMP-779,NONFARM LH
UP-EMP-796,MF&FI
UP-EMP-819,M&E
UP-EMP-004,Farm LH
UP-EMP-1530,NONFARM LH
UP-EMP-1639,SMCB
UP-EMP-2074,SMCB
UP-EMP-2140,MF&FI
UP-EMP-2247,SISD
UP-EMP-2682,MF&FI
UP-EMP-2767,M&E
UP-EMP-2838,SISD
UP-EMP-2971,NONFARM LH
UP-EMP-3333,SMCB
UP-EMP-3347,NONFARM LH
UP-EMP-3653,Farm LH
UP-EMP-3655,M&E
UP-EMP-3656,M&E
UP-EMP-3914,NONFARM LH
UP-EMP-417,M&E
UP-EMP-446,NONFARM LH
UP-EMP-505,MF&FI
UP-EMP-638,SMCB
UP-EMP-933,MF&FI
UP-EMP-1070,MF&FI
UP-EMP-112,NONFARM LH
UP-EMP-1228,SISD
UP-EMP-1327,NONFARM LH
UP-EMP-1519,Farm LH
UP-EMP-1555,SMCB
UP-EMP-1613,MF&FI
UP-EMP-1658,SISD
UP-EMP-1733,NONFARM LH
UP-EMP-1878,NONFARM LH
UP-EMP-1904,Farm LH
UP-EMP-2110,MF&FI
UP-EMP-2174,SMCB
UP-EMP-2279,SMCB
UP-EMP-2282,Farm LH
UP-EMP-2314,NONFARM LH
UP-EMP-2375,NONFARM LH
UP-EMP-2460,SISD
UP-EMP-2489,SISD
UP-EMP-2562,SISD
UP-EMP-2726,M&E
UP-EMP-2858,SMCB
UP-EMP-2862,MF&FI
UP-EMP-2928,NONFARM LH
UP-EMP-2981,SISD
UP-EMP-2982,NONFARM LH
UP-EMP-3078,MF&FI
UP-EMP-315,SMCB
UP-EMP-3217,MF&FI
UP-EMP-3330,M&E
UP-EMP-3668,SISD
UP-EMP-3720,SISD
UP-EMP-380,SMCB
UP-EMP-473,M&E
UP-EMP-563,SISD
UP-EMP-587,MF&FI
UP-EMP-648,Farm LH
UP-EMP-711,Farm LH
UP-EMP-015,Farm LH
UP-EMP-033,Farm LH
UP-EMP-050,Farm LH
UP-EMP-1011,Farm LH
UP-EMP-1046,Farm LH
UP-EMP-1152,Farm LH
UP-EMP-1174,Farm LH
UP-EMP-1181,Farm LH
UP-EMP-121,Farm LH
UP-EMP-1472,Farm LH
UP-EMP-1600,Farm LH
UP-EMP-1617,Farm LH
UP-EMP-1657,Farm LH
UP-EMP-1693,Farm LH
UP-EMP-1696,Farm LH
UP-EMP-1806,Farm LH
UP-EMP-1975,Farm LH
UP-EMP-2000,Farm LH
UP-EMP-2013,Farm LH
UP-EMP-2077,Farm LH
UP-EMP-209,Farm LH
UP-EMP-2102,Farm LH
UP-EMP-2141,Farm LH
UP-EMP-2234,Farm LH
UP-EMP-2294,Farm LH
UP-EMP-2535,Farm LH
UP-EMP-2615,Farm LH
UP-EMP-2843,Farm LH
UP-EMP-2846,Farm LH
UP-EMP-2869,Farm LH
UP-EMP-296,Farm LH
UP-EMP-3057,NONFARM LH
UP-EMP-3198,MF&FI
UP-EMP-3220,SMCB
UP-EMP-3302,NONFARM LH
UP-EMP-384,NONFARM LH
UP-EMP-3911,SISD
UP-EMP-502,NONFARM LH
UP-EMP-741,MF&FI
UP-EMP-747,NONFARM LH
UP-EMP-794,NONFARM LH
UP-EMP-810,SMCB
UP-EMP-824,SISD
UP-EMP-858,MF&FI
UP-EMP-1367,Farm LH
UP-EMP-177,NONFARM LH
UP-EMP-1837,SISD
UP-EMP-194,NONFARM LH
UP-EMP-1989,Farm LH
UP-EMP-1999,SISD
UP-EMP-272,M&E
UP-EMP-2863,MF&FI
UP-EMP-2995,SISD
UP-EMP-3019,SMCB
UP-EMP-3191,NONFARM LH
UP-EMP-3223,NONFARM LH
UP-EMP-3246,SMCB
UP-EMP-346,M&E
UP-EMP-3609,NONFARM LH
UP-EMP-3698,Farm LH
UP-EMP-3707,M&E
UP-EMP-3709,SISD
UP-EMP-3711,NONFARM LH
UP-EMP-486,M&E
UP-EMP-614,Farm LH
UP-EMP-653,M&E
UP-EMP-968,SMCB
UP-EMP-1075,Farm LH
UP-EMP-1183,SISD
UP-EMP-1216,Farm LH
UP-EMP-1641,SMCB
UP-EMP-168,NONFARM LH
UP-EMP-1729,Farm LH
UP-EMP-2067,NONFARM LH
UP-EMP-2087,Farm LH
UP-EMP-2090,Farm LH
UP-EMP-2169,SMCB
UP-EMP-2183,SISD
UP-EMP-2330,Farm LH
UP-EMP-2423,SMCB
UP-EMP-2434,SISD
UP-EMP-2435,MF&FI
UP-EMP-2689,MF&FI
UP-EMP-3007,NONFARM LH
UP-EMP-3110,M&E
UP-EMP-3150,MF&FI
UP-EMP-3309,Farm LH
UP-EMP-3567,SISD
UP-EMP-3589,MF&FI
UP-EMP-3629,SISD
UP-EMP-3697,M&E
UP-EMP-3858,SMCB
UP-EMP-4158,MCLF
UP-EMP-4165,MCLF
UP-EMP-498,M&E
UP-EMP-541,SISD
UP-EMP-633,NONFARM LH
UP-EMP-639,MF&FI
UP-EMP-729,Farm LH
UP-EMP-857,NONFARM LH
UP-EMP-922,SISD
UP-EMP-926,M&E
UP-EMP-943,MF&FI
UP-EMP-979,Farm LH
UP-EMP-022,Farm LH
UP-EMP-089,M&E
UP-EMP-1003,Farm LH
UP-EMP-1343,SMCB
UP-EMP-1431,MF&FI
UP-EMP-1528,M&E
UP-EMP-1583,M&E
UP-EMP-1714,NONFARM LH
UP-EMP-172,Farm LH
UP-EMP-1786,NONFARM LH
UP-EMP-2002,NONFARM LH
UP-EMP-2068,SISD
UP-EMP-2178,SISD
UP-EMP-2377,NONFARM LH
UP-EMP-2408,Farm LH
UP-EMP-2498,Farm LH
UP-EMP-2606,M&E
UP-EMP-2718,SISD
UP-EMP-3008,M&E
UP-EMP-3027,SMCB
UP-EMP-3042,M&E
UP-EMP-3064,MF&FI
UP-EMP-3118,M&E
UP-EMP-3229,NONFARM LH
UP-EMP-3316,SISD
UP-EMP-3372,NONFARM LH
UP-EMP-3456,SISD
UP-EMP-3510,Farm LH
UP-EMP-355,SMCB
UP-EMP-3760,SMCB
UP-EMP-506,SISD
UP-EMP-532,SISD
UP-EMP-538,SMCB
UP-EMP-605,SMCB
UP-EMP-657,SMCB
UP-EMP-700,SMCB
UP-EMP-948,MF&FI
UP-EMP-006,MF&FI
UP-EMP-100,SISD
UP-EMP-1148,NONFARM LH
UP-EMP-1208,NONFARM LH
UP-EMP-1247,Farm LH
UP-EMP-1250,MF&FI
UP-EMP-1372,SISD
UP-EMP-1373,SMCB
UP-EMP-1398,NONFARM LH
UP-EMP-1422,SISD
UP-EMP-1423,Farm LH
UP-EMP-1455,Farm LH
UP-EMP-1568,NONFARM LH
UP-EMP-1621,SISD
UP-EMP-1737,NONFARM LH
UP-EMP-1767,M&E
UP-EMP-1863,NONFARM LH
UP-EMP-2021,NONFARM LH
UP-EMP-205,M&E
UP-EMP-2078,NONFARM LH
UP-EMP-212,M&E
UP-EMP-2147,MF&FI
UP-EMP-2230,SISD
UP-EMP-2306,NONFARM LH
UP-EMP-2407,SISD
UP-EMP-2477,SMCB
UP-EMP-2618,Farm LH
UP-EMP-2695,MF&FI
UP-EMP-277,M&E
UP-EMP-2795,NONFARM LH
UP-EMP-3015,SMCB
UP-EMP-3291,SISD
UP-EMP-3303,Farm LH
UP-EMP-3331,Farm LH
UP-EMP-3442,M&E
UP-EMP-3721,SISD
UP-EMP-3736,NONFARM LH
UP-EMP-578,Farm LH
UP-EMP-691,SISD
UP-EMP-715,MF&FI
UP-EMP-768,NONFARM LH
UP-EMP-831,Farm LH
UP-EMP-852,SISD
UP-EMP-005,M&E
UP-EMP-1030,M&E
UP-EMP-114,NONFARM LH
UP-EMP-1177,SISD
UP-EMP-1193,M&E
UP-EMP-1199,M&E
UP-EMP-1271,SISD
UP-EMP-1275,SMCB
UP-EMP-1324,NONFARM LH
UP-EMP-1392,Farm LH
UP-EMP-146,NONFARM LH
UP-EMP-1517,MF&FI
UP-EMP-1538,Farm LH
UP-EMP-1546,M&E
UP-EMP-1553,MF&FI
UP-EMP-1664,NONFARM LH
UP-EMP-1718,MF&FI
UP-EMP-181,NONFARM LH
UP-EMP-1835,MF&FI
UP-EMP-1994,M&E
UP-EMP-2052,Farm LH
UP-EMP-2062,NONFARM LH
UP-EMP-2081,SISD
UP-EMP-226,Farm LH
UP-EMP-2272,MF&FI
UP-EMP-2341,SMCB
UP-EMP-2399,Farm LH
UP-EMP-2459,SMCB
UP-EMP-2487,MF&FI
UP-EMP-2517,M&E
UP-EMP-2624,SISD
UP-EMP-2631,NONFARM LH
UP-EMP-2716,NONFARM LH
UP-EMP-2720,SMCB
UP-EMP-2822,Farm LH
UP-EMP-2908,SISD
UP-EMP-2913,NONFARM LH
UP-EMP-2935,SISD
UP-EMP-2987,SMCB
UP-EMP-2994,NONFARM LH
UP-EMP-3025,NONFARM LH
UP-EMP-3048,SMCB
UP-EMP-3326,Farm LH
UP-EMP-3451,MF&FI
UP-EMP-3457,M&E
UP-EMP-3575,Farm LH
UP-EMP-3593,MF&FI
UP-EMP-3638,SISD
UP-EMP-4086,MCLF
UP-EMP-4182,NONFARM LH
UP-EMP-434,Farm LH
UP-EMP-604,Farm LH
UP-EMP-651,SMCB
UP-EMP-680,SMCB
UP-EMP-786,SMCB
UP-EMP-808,MF&FI
UP-EMP-839,SISD
UP-EMP-035,MF&FI
UP-EMP-039,Farm LH
UP-EMP-1132,M&E
UP-EMP-1138,SISD
UP-EMP-1282,NONFARM LH
UP-EMP-1289,MF&FI
UP-EMP-1446,MF&FI
UP-EMP-1526,MF&FI
UP-EMP-1560,MF&FI
UP-EMP-1782,SMCB
UP-EMP-1830,SMCB
UP-EMP-187,M&E
UP-EMP-1993,M&E
UP-EMP-1997,MF&FI
UP-EMP-2079,Farm LH
UP-EMP-2336,Farm LH
UP-EMP-2343,SMCB
UP-EMP-2396,SMCB
UP-EMP-2627,SMCB
UP-EMP-2677,SISD
UP-EMP-2870,SISD
UP-EMP-3011,M&E
UP-EMP-3075,Farm LH
UP-EMP-3265,MF&FI
UP-EMP-3365,SMCB
UP-EMP-3396,M&E
UP-EMP-3464,Farm LH
UP-EMP-3534,NONFARM LH
UP-EMP-3545,NONFARM LH
UP-EMP-3657,MF&FI
UP-EMP-368,Farm LH
UP-EMP-3694,NONFARM LH
UP-EMP-3708,MF&FI
UP-EMP-3746,NONFARM LH
UP-EMP-401,M&E
UP-EMP-411,MF&FI
UP-EMP-4156,MCLF
UP-EMP-493,SISD
UP-EMP-650,NONFARM LH
UP-EMP-755,Farm LH
UP-EMP-841,NONFARM LH
UP-EMP-1708,NONFARM LH
UP-EMP-1987,SISD
UP-EMP-275,Farm LH
UP-EMP-3364,SMCB
UP-EMP-3768,SISD
UP-EMP-3773,Farm LH
UP-EMP-3775,Farm LH
UP-EMP-3776,NONFARM LH
UP-EMP-3777,NONFARM LH
UP-EMP-3778,NONFARM LH
UP-EMP-3779,Farm LH
UP-EMP-3780,NONFARM LH
UP-EMP-3789,Farm LH
UP-EMP-3791,Farm LH
UP-EMP-3793,Farm LH
UP-EMP-3794,Farm LH
UP-EMP-3795,Farm LH
UP-EMP-3800,M&E
UP-EMP-3801,M&E
UP-EMP-3802,M&E
UP-EMP-3803,M&E
UP-EMP-3806,M&E
UP-EMP-3808,MF&FI
UP-EMP-3812,MF&FI
UP-EMP-3814,MF&FI
UP-EMP-3815,MF&FI
UP-EMP-3816,MF&FI
UP-EMP-3817,MF&FI
UP-EMP-3818,MF&FI
UP-EMP-3820,MF&FI
UP-EMP-3821,SISD
UP-EMP-3822,SISD
UP-EMP-3828,SISD
UP-EMP-3831,SISD
UP-EMP-3832,NONFARM LH
UP-EMP-3838,NONFARM LH
UP-EMP-3840,NONFARM LH
UP-EMP-3841,NONFARM LH
UP-EMP-3842,NONFARM LH
UP-EMP-3843,NONFARM LH
UP-EMP-3844,NONFARM LH
UP-EMP-3847,NONFARM LH
UP-EMP-3848,SMCB
UP-EMP-3849,SMCB
UP-EMP-3850,SMCB
UP-EMP-3853,SMCB
UP-EMP-3854,SMCB
UP-EMP-3857,SMCB
UP-EMP-3859,SMCB
UP-EMP-3862,SMCB
UP-EMP-4066,NONFARM LH
UP-EMP-4090,MCLF
UP-EMP-528,M&E
UP-EMP-1066,SMCB
UP-EMP-1084,MF&FI
UP-EMP-1147,SMCB
UP-EMP-1187,MF&FI
UP-EMP-1259,Farm LH
UP-EMP-1305,Farm LH
UP-EMP-1545,MF&FI
UP-EMP-1548,NONFARM LH
UP-EMP-1597,SISD
UP-EMP-1656,SMCB
UP-EMP-1673,NONFARM LH
UP-EMP-1692,NONFARM LH
UP-EMP-182,MF&FI
UP-EMP-1861,NONFARM LH
UP-EMP-1898,Farm LH
UP-EMP-1992,MF&FI
UP-EMP-1995,NONFARM LH
UP-EMP-2113,SMCB
UP-EMP-2321,MF&FI
UP-EMP-2640,Farm LH
UP-EMP-2768,NONFARM LH
UP-EMP-2826,Farm LH
UP-EMP-283,Farm LH
UP-EMP-2841,SISD
UP-EMP-2944,NONFARM LH
UP-EMP-3001,SMCB
UP-EMP-3088,SMCB
UP-EMP-3255,NONFARM LH
UP-EMP-3406,SISD
UP-EMP-3540,M&E
UP-EMP-3627,SISD
UP-EMP-3705,Farm LH
UP-EMP-3830,SISD
UP-EMP-3908,Farm LH
UP-EMP-4134,Farm LH
UP-EMP-427,SISD
UP-EMP-455,MF&FI
UP-EMP-683,M&E
UP-EMP-864,SMCB
UP-EMP-901,MF&FI
UP-EMP-918,M&E
UP-EMP-966,SISD
UP-EMP-1001,SMCB
UP-EMP-102,M&E
UP-EMP-1222,SISD
UP-EMP-1243,M&E
UP-EMP-1260,SMCB
UP-EMP-1543,M&E
UP-EMP-1648,Farm LH
UP-EMP-1753,Farm LH
UP-EMP-1781,Farm LH
UP-EMP-1797,MF&FI
UP-EMP-193,Farm LH
UP-EMP-2001,MF&FI
UP-EMP-2016,M&E
UP-EMP-2138,M&E
UP-EMP-2253,Farm LH
UP-EMP-2295,MF&FI
UP-EMP-2391,SISD
UP-EMP-2505,Farm LH
UP-EMP-2575,M&E
UP-EMP-2708,NONFARM LH
UP-EMP-3044,NONFARM LH
UP-EMP-3074,SISD
UP-EMP-3103,SISD
UP-EMP-3263,MF&FI
UP-EMP-3430,Farm LH
UP-EMP-3501,MF&FI
UP-EMP-3663,SMCB
UP-EMP-3706,MF&FI
UP-EMP-3722,SISD
UP-EMP-4118,MCLF
UP-EMP-4174,MCLF
UP-EMP-4179,MCLF
UP-EMP-529,NONFARM LH
UP-EMP-558,NONFARM LH
UP-EMP-569,SISD
UP-EMP-859,M&E
UP-EMP-137,NONFARM LH
UP-EMP-1860,SISD
UP-EMP-1868,SMCB
UP-EMP-1870,MF&FI
UP-EMP-2023,Farm LH
UP-EMP-2291,SISD
UP-EMP-2329,SMCB
UP-EMP-242,SMCB
UP-EMP-250,SISD
UP-EMP-2696,M&E
UP-EMP-3059,SISD
UP-EMP-3097,NONFARM LH
UP-EMP-3107,Farm LH
UP-EMP-334,SMCB
UP-EMP-3564,M&E
UP-EMP-3895,M&E
UP-EMP-3896,MF&FI
UP-EMP-3904,SMCB
UP-EMP-544,MF&FI
UP-EMP-545,M&E
UP-EMP-062,Farm LH
UP-EMP-096,SISD
UP-EMP-1073,Farm LH
UP-EMP-118,NONFARM LH
UP-EMP-1338,NONFARM LH
UP-EMP-1354,SMCB
UP-EMP-1377,SISD
UP-EMP-1430,SISD
UP-EMP-1448,Farm LH
UP-EMP-147,Farm LH
UP-EMP-1491,SISD
UP-EMP-1531,SMCB
UP-EMP-1539,MF&FI
UP-EMP-1585,NONFARM LH
UP-EMP-1764,SMCB
UP-EMP-179,M&E
UP-EMP-1977,SISD
UP-EMP-1991,M&E
UP-EMP-2004,NONFARM LH
UP-EMP-2005,NONFARM LH
UP-EMP-2076,MF&FI
UP-EMP-2256,NONFARM LH
UP-EMP-2376,MF&FI
UP-EMP-2382,Farm LH
UP-EMP-2476,Farm LH
UP-EMP-271,MF&FI
UP-EMP-2729,Farm LH
UP-EMP-2897,Farm LH
UP-EMP-2918,Farm LH
UP-EMP-2923,MF&FI
UP-EMP-300,SISD
UP-EMP-309,Farm LH
UP-EMP-3215,SMCB
UP-EMP-3327,SISD
UP-EMP-3345,M&E
UP-EMP-3452,NONFARM LH
UP-EMP-3470,NONFARM LH
UP-EMP-3619,SMCB
UP-EMP-369,MF&FI
UP-EMP-3750,Farm LH
UP-EMP-4122,MCLF
UP-EMP-420,NONFARM LH
UP-EMP-522,NONFARM LH
UP-EMP-525,MF&FI
UP-EMP-807,MF&FI
UP-EMP-1077,Farm LH
UP-EMP-1186,SMCB
UP-EMP-1417,SMCB
UP-EMP-2036,NONFARM LH
UP-EMP-2215,SMCB
UP-EMP-224,NONFARM LH
UP-EMP-3363,MF&FI
UP-EMP-3755,SMCB
UP-EMP-497,M&E
UP-EMP-684,SMCB
UP-EMP-689,NONFARM LH
UP-EMP-758,SMCB
UP-EMP-126,MF&FI
UP-EMP-1345,MF&FI
UP-EMP-1368,Farm LH
UP-EMP-1484,Farm LH
UP-EMP-1603,NONFARM LH
UP-EMP-2108,MF&FI
UP-EMP-2166,MF&FI
UP-EMP-2193,NONFARM LH
UP-EMP-2309,SISD
UP-EMP-2320,NONFARM LH
UP-EMP-2629,SMCB
UP-EMP-2653,NONFARM LH
UP-EMP-2847,MF&FI
UP-EMP-2942,MF&FI
UP-EMP-2990,NONFARM LH
UP-EMP-3039,M&E
UP-EMP-3046,SISD
UP-EMP-3371,NONFARM LH
UP-EMP-3659,M&E
UP-EMP-629,M&E
UP-EMP-776,Farm LH
UP-EMP-782,NONFARM LH
UP-EMP-851,Farm LH
UP-EMP-890,Farm LH
UP-EMP-959,SISD
UP-EMP-1037,SMCB
UP-EMP-1475,Farm LH
UP-EMP-1578,Farm LH
UP-EMP-1691,SMCB
UP-EMP-1867,SISD
UP-EMP-2112,SISD
UP-EMP-238,MF&FI
UP-EMP-2834,MF&FI
UP-EMP-3287,SISD
UP-EMP-3410,SISD
UP-EMP-3416,MF&FI
UP-EMP-3468,SISD
UP-EMP-3489,NONFARM LH
UP-EMP-4132,NONFARM LH
UP-EMP-450,SMCB
UP-EMP-670,NONFARM LH
UP-EMP-770,M&E
UP-EMP-771,MF&FI
UP-EMP-912,NONFARM LH
UP-EMP-1006,M&E
UP-EMP-1172,NONFARM LH
UP-EMP-1213,Farm LH
UP-EMP-1217,M&E
UP-EMP-1299,Farm LH
UP-EMP-1510,Farm LH
UP-EMP-1699,SISD
UP-EMP-1778,Farm LH
UP-EMP-1803,M&E
UP-EMP-1903,SISD
UP-EMP-1935,Farm LH
UP-EMP-1952,SMCB
UP-EMP-203,M&E
UP-EMP-213,NONFARM LH
UP-EMP-216,NONFARM LH
UP-EMP-2167,SMCB
UP-EMP-2232,Farm LH
UP-EMP-2374,MF&FI
UP-EMP-2432,SISD
UP-EMP-2444,NONFARM LH
UP-EMP-2486,Farm LH
UP-EMP-2490,SMCB
UP-EMP-2538,NONFARM LH
UP-EMP-2559,SMCB
UP-EMP-2778,Farm LH
UP-EMP-2888,SISD
UP-EMP-2899,SISD
UP-EMP-3099,NONFARM LH
UP-EMP-3102,M&E
UP-EMP-3306,M&E
UP-EMP-3376,Farm LH
UP-EMP-3437,Farm LH
UP-EMP-360,SISD
UP-EMP-3615,M&E
UP-EMP-3733,SISD
UP-EMP-524,SMCB
UP-EMP-662,Farm LH
UP-EMP-769,NONFARM LH
UP-EMP-823,MF&FI
UP-EMP-960,NONFARM LH
UP-EMP-961,NONFARM LH
UP-EMP-064,MF&FI
UP-EMP-093,MF&FI
UP-EMP-1536,SISD
UP-EMP-1537,Farm LH
UP-EMP-1554,M&E
UP-EMP-1619,MF&FI
UP-EMP-1934,NONFARM LH
UP-EMP-1955,M&E
UP-EMP-2207,M&E
UP-EMP-2710,Farm LH
UP-EMP-2952,Farm LH
UP-EMP-314,M&E
UP-EMP-3169,M&E
UP-EMP-3231,SISD
UP-EMP-3328,SMCB
UP-EMP-3387,NONFARM LH
UP-EMP-362,SISD
UP-EMP-510,SMCB
UP-EMP-554,SISD
UP-EMP-595,NONFARM LH
UP-EMP-675,NONFARM LH
UP-EMP-921,MF&FI
UP-EMP-1139,SISD
UP-EMP-170,SMCB
UP-EMP-1847,NONFARM LH
UP-EMP-255,SISD
UP-EMP-2612,SISD
UP-EMP-3238,M&E
UP-EMP-3548,NONFARM LH
UP-EMP-3739,M&E
UP-EMP-724,SISD
UP-EMP-830,Farm LH
UP-EMP-1506,NONFARM LH
UP-EMP-2909,Farm LH
UP-EMP-3190,SISD
UP-EMP-391,SMCB
UP-EMP-4061,SISD
UP-EMP-4067,SMCB
UP-EMP-646,Farm LH
UP-EMP-1022,SMCB
UP-EMP-1063,MF&FI
UP-EMP-1284,NONFARM LH
UP-EMP-1339,MF&FI
UP-EMP-1401,MF&FI
UP-EMP-141,SISD
UP-EMP-1443,SISD
UP-EMP-1524,SMCB
UP-EMP-1678,NONFARM LH
UP-EMP-1695,MF&FI
UP-EMP-1914,SISD
UP-EMP-1929,SMCB
UP-EMP-1940,SISD
UP-EMP-2031,Farm LH
UP-EMP-2117,MF&FI
UP-EMP-2143,MF&FI
UP-EMP-2386,SISD
UP-EMP-279,Farm LH
UP-EMP-2837,MF&FI
UP-EMP-2850,MF&FI
UP-EMP-311,MF&FI
UP-EMP-312,NONFARM LH
UP-EMP-3249,NONFARM LH
UP-EMP-3288,NONFARM LH
UP-EMP-3334,Farm LH
UP-EMP-3392,Farm LH
UP-EMP-3498,Farm LH
UP-EMP-3503,SISD
UP-EMP-3640,SMCB
UP-EMP-3684,MF&FI
UP-EMP-3729,SISD
UP-EMP-3757,Farm LH
UP-EMP-439,SISD
UP-EMP-475,Farm LH
UP-EMP-685,NONFARM LH
UP-EMP-719,SMCB
UP-EMP-725,SMCB
UP-EMP-751,M&E
UP-EMP-835,MF&FI
UP-EMP-911,SISD
UP-EMP-987,SISD
UP-EMP-012,Farm LH
UP-EMP-019,SMCB
UP-EMP-027,M&E
UP-EMP-091,NONFARM LH
UP-EMP-1016,SMCB
UP-EMP-1302,NONFARM LH
UP-EMP-1331,MF&FI
UP-EMP-1385,SMCB
UP-EMP-1480,Farm LH
UP-EMP-1485,NONFARM LH
UP-EMP-1487,M&E
UP-EMP-163,M&E
UP-EMP-1798,MF&FI
UP-EMP-1834,SMCB
UP-EMP-2053,M&E
UP-EMP-2198,MF&FI
UP-EMP-234,SISD
UP-EMP-2355,MF&FI
UP-EMP-2427,MF&FI
UP-EMP-243,Farm LH
UP-EMP-2464,MF&FI
UP-EMP-262,M&E
UP-EMP-2687,SISD
UP-EMP-2693,SISD
UP-EMP-2950,Farm LH
UP-EMP-3180,MF&FI
UP-EMP-3244,MF&FI
UP-EMP-342,SISD
UP-EMP-3432,SMCB
UP-EMP-3493,Farm LH
UP-EMP-3516,Farm LH
UP-EMP-3523,NONFARM LH
UP-EMP-3536,NONFARM LH
UP-EMP-3583,MF&FI
UP-EMP-3591,SISD
UP-EMP-431,NONFARM LH
UP-EMP-735,SMCB
UP-EMP-765,NONFARM LH
UP-EMP-791,MF&FI
UP-EMP-853,Farm LH
UP-EMP-900,NONFARM LH
UP-EMP-941,SISD
UP-EMP-997,MF&FI
UP-EMP-068,Farm LH
UP-EMP-107,M&E
UP-EMP-1103,NONFARM LH
UP-EMP-1109,Farm LH
UP-EMP-1123,Farm LH
UP-EMP-142,M&E
UP-EMP-1468,NONFARM LH
UP-EMP-1496,M&E
UP-EMP-1602,M&E
UP-EMP-1623,SMCB
UP-EMP-1677,MF&FI
UP-EMP-1687,SISD
UP-EMP-1697,Farm LH
UP-EMP-1716,M&E
UP-EMP-1734,Farm LH
UP-EMP-1921,NONFARM LH
UP-EMP-1964,MF&FI
UP-EMP-2009,SISD
UP-EMP-201,M&E
UP-EMP-2037,Farm LH
UP-EMP-2086,NONFARM LH
UP-EMP-2133,Farm LH
UP-EMP-2157,M&E
UP-EMP-2162,SISD
UP-EMP-2345,NONFARM LH
UP-EMP-2350,MF&FI
UP-EMP-2437,M&E
UP-EMP-2440,M&E
UP-EMP-2480,MF&FI
UP-EMP-2482,MF&FI
UP-EMP-2540,M&E
UP-EMP-2553,SMCB
UP-EMP-2555,Farm LH
UP-EMP-2750,SMCB
UP-EMP-2766,NONFARM LH
UP-EMP-285,Farm LH
UP-EMP-2852,MF&FI
UP-EMP-2980,Farm LH
UP-EMP-3034,SMCB
UP-EMP-3108,MF&FI
UP-EMP-3178,NONFARM LH
UP-EMP-3290,Farm LH
UP-EMP-3298,SMCB
UP-EMP-3301,M&E
UP-EMP-336,SMCB
UP-EMP-3377,MF&FI
UP-EMP-3435,MF&FI
UP-EMP-350,MF&FI
UP-EMP-3546,SMCB
UP-EMP-3607,Farm LH
UP-EMP-3635,SISD
UP-EMP-3661,Farm LH
UP-EMP-3672,Farm LH
UP-EMP-3726,NONFARM LH
UP-EMP-3759,SISD
UP-EMP-4092,MCLF
UP-EMP-4093,MCLF
UP-EMP-4139,MCLF
UP-EMP-4148,MCLF
UP-EMP-4149,MCLF
UP-EMP-453,M&E
UP-EMP-466,MF&FI
UP-EMP-485,Farm LH
UP-EMP-539,SISD
UP-EMP-659,M&E
UP-EMP-682,M&E
UP-EMP-778,Farm LH
UP-EMP-915,Farm LH
UP-EMP-965,SISD
UP-EMP-104,MF&FI
UP-EMP-1062,MF&FI
UP-EMP-1086,MF&FI
UP-EMP-1390,Farm LH
UP-EMP-1439,Farm LH
UP-EMP-1674,SISD
UP-EMP-1823,M&E
UP-EMP-2148,MF&FI
UP-EMP-2159,MF&FI
UP-EMP-2495,SMCB
UP-EMP-2516,SMCB
UP-EMP-2628,SMCB
UP-EMP-2700,NONFARM LH
UP-EMP-2797,MF&FI
UP-EMP-2848,Farm LH
UP-EMP-2889,SISD
UP-EMP-3101,Farm LH
UP-EMP-3104,SMCB
UP-EMP-3105,M&E
UP-EMP-3428,M&E
UP-EMP-3612,NONFARM LH
UP-EMP-4145,MCLF
UP-EMP-4150,MCLF
UP-EMP-561,M&E
UP-EMP-625,Farm LH
UP-EMP-626,MF&FI
UP-EMP-764,Farm LH
UP-EMP-792,Farm LH
UP-EMP-843,SISD
UP-EMP-855,SMCB
UP-EMP-924,Farm LH
UP-EMP-1195,SISD
UP-EMP-1588,Farm LH
UP-EMP-161,M&E
UP-EMP-162,Farm LH
UP-EMP-1933,M&E
UP-EMP-2410,SMCB
UP-EMP-2900,MF&FI
UP-EMP-3281,M&E
UP-EMP-3395,NONFARM LH
UP-EMP-3398,MF&FI
UP-EMP-3514,Farm LH
UP-EMP-3671,NONFARM LH
UP-EMP-058,Farm LH
UP-EMP-1051,NONFARM LH
UP-EMP-1100,SMCB
UP-EMP-1176,M&E
UP-EMP-1258,SMCB
UP-EMP-1375,MF&FI
UP-EMP-1391,NONFARM LH
UP-EMP-1406,MF&FI
UP-EMP-1442,SMCB
UP-EMP-1713,SISD
UP-EMP-1892,SMCB
UP-EMP-1951,SMCB
UP-EMP-1979,SMCB
UP-EMP-2118,SMCB
UP-EMP-2168,NONFARM LH
UP-EMP-221,NONFARM LH
UP-EMP-2235,SISD
UP-EMP-2317,SISD
UP-EMP-2379,MF&FI
UP-EMP-2401,NONFARM LH
UP-EMP-2424,Farm LH
UP-EMP-2494,SISD
UP-EMP-2533,MF&FI
UP-EMP-2539,Farm LH
UP-EMP-2648,SISD
UP-EMP-269,MF&FI
UP-EMP-270,Farm LH
UP-EMP-2765,SMCB
UP-EMP-2830,M&E
UP-EMP-2873,NONFARM LH
UP-EMP-2876,SISD
UP-EMP-2910,Farm LH
UP-EMP-2985,SMCB
UP-EMP-3167,Farm LH
UP-EMP-3175,Farm LH
UP-EMP-3184,Farm LH
UP-EMP-3247,NONFARM LH
UP-EMP-3252,MF&FI
UP-EMP-3272,SMCB
UP-EMP-3338,MF&FI
UP-EMP-3382,SMCB
UP-EMP-3454,M&E
UP-EMP-3535,M&E
UP-EMP-3606,Farm LH
UP-EMP-3719,NONFARM LH
UP-EMP-3738,MF&FI
UP-EMP-392,Farm LH
UP-EMP-442,SMCB
UP-EMP-550,Farm LH
UP-EMP-579,SMCB
UP-EMP-584,M&E
UP-EMP-613,SMCB
UP-EMP-815,NONFARM LH
UP-EMP-956,Farm LH
UP-EMP-996,Farm LH
UP-EMP-1297,Farm LH
UP-EMP-1533,MF&FI
UP-EMP-1688,SMCB
UP-EMP-1894,NONFARM LH
UP-EMP-1905,Farm LH
UP-EMP-1917,M&E
UP-EMP-2543,M&E
UP-EMP-2709,M&E
UP-EMP-3041,SISD
UP-EMP-3067,SISD
UP-EMP-357,Farm LH
UP-EMP-3715,MF&FI
UP-EMP-939,SISD
UP-EMP-1042,MF&FI
UP-EMP-1092,NONFARM LH
UP-EMP-127,SISD
UP-EMP-1667,M&E
UP-EMP-1726,MF&FI
UP-EMP-1742,Farm LH
UP-EMP-1791,NONFARM LH
UP-EMP-1807,SISD
UP-EMP-1826,Farm LH
UP-EMP-1880,NONFARM LH
UP-EMP-2182,SMCB
UP-EMP-2373,NONFARM LH
UP-EMP-2426,M&E
UP-EMP-2447,Farm LH
UP-EMP-2587,SISD
UP-EMP-2857,Farm LH
UP-EMP-2915,M&E
UP-EMP-3005,SMCB
UP-EMP-3294,M&E
UP-EMP-3314,Farm LH
UP-EMP-3332,SMCB
UP-EMP-3337,SISD
UP-EMP-4094,MCLF
UP-EMP-4143,MCLF
UP-EMP-4177,MCLF
UP-EMP-4181,MCLF
UP-EMP-457,MF&FI
UP-EMP-773,SISD
UP-EMP-811,SMCB
UP-EMP-832,SISD
UP-EMP-942,SMCB
UP-EMP-056,SISD
UP-EMP-1122,SISD
UP-EMP-1133,SMCB
UP-EMP-1144,NONFARM LH
UP-EMP-1209,MF&FI
UP-EMP-1219,SISD
UP-EMP-1240,NONFARM LH
UP-EMP-1272,NONFARM LH
UP-EMP-1274,MF&FI
UP-EMP-1312,NONFARM LH
UP-EMP-1365,SISD
UP-EMP-154,MF&FI
UP-EMP-1611,Farm LH
UP-EMP-1620,SISD
UP-EMP-1630,NONFARM LH
UP-EMP-1636,SISD
UP-EMP-1638,SISD
UP-EMP-184,MF&FI
UP-EMP-2137,M&E
UP-EMP-2161,SMCB
UP-EMP-2202,SISD
UP-EMP-2218,NONFARM LH
UP-EMP-2221,SISD
UP-EMP-228,SISD
UP-EMP-2296,Farm LH
UP-EMP-2354,M&E
UP-EMP-2397,SISD
UP-EMP-2523,M&E
UP-EMP-256,SMCB
UP-EMP-265,Farm LH
UP-EMP-2660,MF&FI
UP-EMP-2663,SISD
UP-EMP-2748,MF&FI
UP-EMP-2753,NONFARM LH
UP-EMP-2794,MF&FI
UP-EMP-2817,SISD
UP-EMP-2856,MF&FI
UP-EMP-3030,NONFARM LH
UP-EMP-3079,M&E
UP-EMP-3141,NONFARM LH
UP-EMP-3172,Farm LH
UP-EMP-3188,Farm LH
UP-EMP-3346,Farm LH
UP-EMP-3357,Farm LH
UP-EMP-3449,SISD
UP-EMP-352,SISD
UP-EMP-3561,SISD
UP-EMP-3566,SMCB
UP-EMP-3569,NONFARM LH
UP-EMP-3580,Farm LH
UP-EMP-364,M&E
UP-EMP-379,SMCB
UP-EMP-3792,Farm LH
UP-EMP-413,MF&FI
UP-EMP-557,MF&FI
UP-EMP-585,MF&FI
UP-EMP-656,Farm LH
UP-EMP-762,Farm LH
UP-EMP-797,NONFARM LH
UP-EMP-983,SMCB
UP-EMP-1080,SISD
UP-EMP-1350,NONFARM LH
UP-EMP-1397,Farm LH
UP-EMP-1469,M&E
UP-EMP-1488,Farm LH
UP-EMP-1618,SMCB
UP-EMP-1932,Farm LH
UP-EMP-2042,SISD
UP-EMP-2156,NONFARM LH
UP-EMP-2172,NONFARM LH
UP-EMP-2264,SMCB
UP-EMP-2287,SISD
UP-EMP-233,M&E
UP-EMP-2398,Farm LH
UP-EMP-246,MF&FI
UP-EMP-2506,NONFARM LH
UP-EMP-2534,SMCB
UP-EMP-2737,NONFARM LH
UP-EMP-3289,NONFARM LH
UP-EMP-3524,SMCB
UP-EMP-542,Farm LH
UP-EMP-688,SISD
UP-EMP-783,MF&FI
UP-EMP-825,SMCB
UP-EMP-964,NONFARM LH
UP-EMP-036,NONFARM LH
UP-EMP-1142,M&E
UP-EMP-1292,NONFARM LH
UP-EMP-1328,MF&FI
UP-EMP-1410,SMCB
UP-EMP-1418,MF&FI
UP-EMP-1449,Farm LH
UP-EMP-1779,MF&FI
UP-EMP-1789,NONFARM LH
UP-EMP-1874,MF&FI
UP-EMP-1897,M&E
UP-EMP-2205,SISD
UP-EMP-2418,Farm LH
UP-EMP-2675,Farm LH
UP-EMP-2742,SISD
UP-EMP-276,Farm LH
UP-EMP-2851,M&E
UP-EMP-2904,SMCB
UP-EMP-2958,SMCB
UP-EMP-3128,SMCB
UP-EMP-3171,M&E
UP-EMP-3275,SMCB
UP-EMP-3511,NONFARM LH
UP-EMP-3527,Farm LH
UP-EMP-3562,SISD
UP-EMP-3692,Farm LH
UP-EMP-763,Farm LH
UP-EMP-1000,NONFARM LH
UP-EMP-1078,SMCB
UP-EMP-1105,MF&FI
UP-EMP-1129,SMCB
UP-EMP-1451,Farm LH
UP-EMP-1649,Farm LH
UP-EMP-1685,SMCB
UP-EMP-1717,M&E
UP-EMP-1925,Farm LH
UP-EMP-1942,Farm LH
UP-EMP-1947,SISD
UP-EMP-199,SMCB
UP-EMP-2072,NONFARM LH
UP-EMP-2073,MF&FI
UP-EMP-2214,SISD
UP-EMP-2239,SISD
UP-EMP-2657,SMCB
UP-EMP-2664,NONFARM LH
UP-EMP-2683,SISD
UP-EMP-2706,Farm LH
UP-EMP-2790,Farm LH
UP-EMP-2793,NONFARM LH
UP-EMP-3284,Farm LH
UP-EMP-3299,SISD
UP-EMP-3380,M&E
UP-EMP-387,M&E
UP-EMP-3909,MF&FI
UP-EMP-414,M&E
UP-EMP-784,SISD
UP-EMP-017,MF&FI
UP-EMP-084,NONFARM LH
UP-EMP-1465,MF&FI
UP-EMP-1763,SISD
UP-EMP-1841,MF&FI
UP-EMP-1846,M&E
UP-EMP-2054,Farm LH
UP-EMP-2070,Farm LH
UP-EMP-2088,Farm LH
UP-EMP-2216,SMCB
UP-EMP-2337,Farm LH
UP-EMP-2491,SMCB
UP-EMP-2707,NONFARM LH
UP-EMP-2919,SMCB
UP-EMP-2975,SMCB
UP-EMP-3126,Farm LH
UP-EMP-3159,SISD
UP-EMP-3271,SISD
UP-EMP-3471,NONFARM LH
UP-EMP-3472,Farm LH
UP-EMP-3528,Farm LH
UP-EMP-377,NONFARM LH
UP-EMP-3913,NONFARM LH
UP-EMP-396,Farm LH
UP-EMP-436,NONFARM LH
UP-EMP-448,SISD
UP-EMP-460,M&E
UP-EMP-1014,SISD
UP-EMP-1314,NONFARM LH
UP-EMP-1318,SMCB
UP-EMP-1666,NONFARM LH
UP-EMP-1681,Farm LH
UP-EMP-1827,MF&FI
UP-EMP-1829,SISD
UP-EMP-1833,SMCB
UP-EMP-1889,M&E
UP-EMP-1941,SISD
UP-EMP-208,Farm LH
UP-EMP-231,Farm LH
UP-EMP-2465,M&E
UP-EMP-2481,NONFARM LH
UP-EMP-2542,SMCB
UP-EMP-2552,SISD
UP-EMP-2745,SISD
UP-EMP-2786,MF&FI
UP-EMP-2875,SMCB
UP-EMP-2877,MF&FI
UP-EMP-2947,MF&FI
UP-EMP-3055,Farm LH
UP-EMP-3164,NONFARM LH
UP-EMP-3469,M&E
UP-EMP-756,Farm LH
UP-EMP-766,Farm LH
UP-EMP-054,NONFARM LH
UP-EMP-1033,NONFARM LH
UP-EMP-1036,Farm LH
UP-EMP-1212,MF&FI
UP-EMP-1294,NONFARM LH
UP-EMP-1522,Farm LH
UP-EMP-1523,MF&FI
UP-EMP-165,NONFARM LH
UP-EMP-1694,SISD
UP-EMP-1725,SISD
UP-EMP-1899,NONFARM LH
UP-EMP-2479,SMCB
UP-EMP-2521,SMCB
UP-EMP-3145,MF&FI
UP-EMP-3264,M&E
UP-EMP-3278,Farm LH
UP-EMP-3374,M&E
UP-EMP-3598,SMCB
UP-EMP-3634,SISD
UP-EMP-3643,SISD
UP-EMP-3704,SISD
UP-EMP-425,Farm LH
UP-EMP-488,M&E
UP-EMP-559,Farm LH
UP-EMP-734,SISD
UP-EMP-902,NONFARM LH
UP-EMP-065,Farm LH
UP-EMP-103,NONFARM LH
UP-EMP-1043,SMCB
UP-EMP-1118,NONFARM LH
UP-EMP-1245,MF&FI
UP-EMP-1384,Farm LH
UP-EMP-1434,NONFARM LH
UP-EMP-1453,MF&FI
UP-EMP-1643,SISD
UP-EMP-1721,M&E
UP-EMP-1731,SISD
UP-EMP-1913,SISD
UP-EMP-1984,NONFARM LH
UP-EMP-1985,Farm LH
UP-EMP-2091,Farm LH
UP-EMP-2195,M&E
UP-EMP-2493,MF&FI
UP-EMP-2522,Farm LH
UP-EMP-2576,M&E
UP-EMP-2755,MF&FI
UP-EMP-2787,NONFARM LH
UP-EMP-2829,NONFARM LH
UP-EMP-2892,MF&FI
UP-EMP-2912,SISD
UP-EMP-2957,MF&FI
UP-EMP-2963,Farm LH
UP-EMP-306,M&E
UP-EMP-310,Farm LH
UP-EMP-3117,NONFARM LH
UP-EMP-3137,SMCB
UP-EMP-3324,NONFARM LH
UP-EMP-3366,SISD
UP-EMP-340,NONFARM LH
UP-EMP-3460,MF&FI
UP-EMP-3477,Farm LH
UP-EMP-3590,SMCB
UP-EMP-3622,Farm LH
UP-EMP-3667,SISD
UP-EMP-3675,Farm LH
UP-EMP-3741,M&E
UP-EMP-3918,Farm LH
UP-EMP-4096,MCLF
UP-EMP-4153,MCLF
UP-EMP-565,Farm LH
UP-EMP-570,NONFARM LH
UP-EMP-606,SISD
UP-EMP-705,M&E
UP-EMP-842,Farm LH
UP-EMP-953,M&E
UP-EMP-048,M&E
UP-EMP-1115,MF&FI
UP-EMP-1210,SMCB
UP-EMP-1364,MF&FI
UP-EMP-1419,Farm LH
UP-EMP-1435,Farm LH
UP-EMP-1627,SISD
UP-EMP-1854,SMCB
UP-EMP-198,SISD
UP-EMP-2010,M&E
UP-EMP-2122,M&E
UP-EMP-2153,SISD
UP-EMP-2359,NONFARM LH
UP-EMP-2443,SMCB
UP-EMP-2703,Farm LH
UP-EMP-2825,M&E
UP-EMP-2926,M&E
UP-EMP-2929,MF&FI
UP-EMP-3002,M&E
UP-EMP-3083,MF&FI
UP-EMP-3189,SISD
UP-EMP-3208,SMCB
UP-EMP-3260,NONFARM LH
UP-EMP-3367,MF&FI
UP-EMP-3378,MF&FI
UP-EMP-3436,Farm LH
UP-EMP-348,NONFARM LH
UP-EMP-3504,SISD
UP-EMP-3522,Farm LH
UP-EMP-3547,Farm LH
UP-EMP-3602,MF&FI
UP-EMP-3713,M&E
UP-EMP-3727,SISD
UP-EMP-478,NONFARM LH
UP-EMP-500,NONFARM LH
UP-EMP-553,SMCB
UP-EMP-655,SMCB
UP-EMP-703,Farm LH
UP-EMP-714,MF&FI
UP-EMP-728,Farm LH
UP-EMP-781,Farm LH
UP-EMP-821,SMCB
UP-EMP-878,NONFARM LH
UP-EMP-990,NONFARM LH
UP-EMP-013,Farm LH
UP-EMP-030,NONFARM LH
UP-EMP-063,M&E
UP-EMP-1125,SISD
UP-EMP-1540,M&E
UP-EMP-1561,NONFARM LH
UP-EMP-1594,MF&FI
UP-EMP-1730,SMCB
UP-EMP-1790,Farm LH
UP-EMP-1815,M&E
UP-EMP-1936,MF&FI
UP-EMP-1978,Farm LH
UP-EMP-2038,MF&FI
UP-EMP-2324,M&E
UP-EMP-2357,SMCB
UP-EMP-2370,NONFARM LH
UP-EMP-2507,NONFARM LH
UP-EMP-2580,SMCB
UP-EMP-2685,M&E
UP-EMP-2810,Farm LH
UP-EMP-2866,M&E
UP-EMP-3239,MF&FI
UP-EMP-3499,SISD
UP-EMP-3740,SMCB
UP-EMP-599,NONFARM LH
UP-EMP-775,Farm LH
UP-EMP-856,NONFARM LH
UP-EMP-057,SISD
UP-EMP-066,SISD
UP-EMP-1157,MF&FI
UP-EMP-1295,Farm LH
UP-EMP-1335,MF&FI
UP-EMP-1340,SISD
UP-EMP-1414,Farm LH
UP-EMP-1460,SISD
UP-EMP-152,SISD
UP-EMP-1580,NONFARM LH
UP-EMP-2025,SISD
UP-EMP-2080,Farm LH
UP-EMP-2227,M&E
UP-EMP-2286,SISD
UP-EMP-2567,MF&FI
UP-EMP-2646,M&E
UP-EMP-2656,MF&FI
UP-EMP-2872,NONFARM LH
UP-EMP-3060,SMCB
UP-EMP-3095,SMCB
UP-EMP-3138,MF&FI
UP-EMP-3163,NONFARM LH
UP-EMP-331,NONFARM LH
UP-EMP-3336,M&E
UP-EMP-3391,M&E
UP-EMP-3415,Farm LH
UP-EMP-3465,SMCB
UP-EMP-3856,SMCB
UP-EMP-402,Farm LH
UP-EMP-694,Farm LH
UP-EMP-757,NONFARM LH
UP-EMP-1163,M&E
UP-EMP-1851,SMCB
UP-EMP-1902,Farm LH
UP-EMP-2483,MF&FI
UP-EMP-2883,M&E
UP-EMP-2948,M&E
UP-EMP-3530,NONFARM LH
UP-EMP-3686,NONFARM LH
UP-EMP-3919,Farm LH
UP-EMP-666,MF&FI
UP-EMP-749,M&E
UP-EMP-3897,MF&FI
UP-EMP-3900,NONFARM LH
UP-EMP-3903,SMCB
UP-EMP-3926,MF&FI
UP-EMP-3927,Farm LH
UP-EMP-3928,Farm LH
UP-EMP-3938,Farm LH
UP-EMP-3939,Farm LH
UP-EMP-3940,Farm LH
UP-EMP-3941,Farm LH
UP-EMP-3942,Farm LH
UP-EMP-3946,Farm LH
UP-EMP-3947,Farm LH
UP-EMP-3949,M&E
UP-EMP-3950,M&E
UP-EMP-3956,M&E
UP-EMP-3957,M&E
UP-EMP-3961,MF&FI
UP-EMP-3962,MF&FI
UP-EMP-3963,MF&FI
UP-EMP-3964,MF&FI
UP-EMP-3969,SISD
UP-EMP-3970,SISD
UP-EMP-3972,SISD
UP-EMP-3973,SISD
UP-EMP-3978,SISD
UP-EMP-3982,NONFARM LH
UP-EMP-3984,NONFARM LH
UP-EMP-3986,NONFARM LH
UP-EMP-3987,NONFARM LH
UP-EMP-3988,NONFARM LH
UP-EMP-3998,SMCB
UP-EMP-3999,SMCB
UP-EMP-4000,SMCB
UP-EMP-4001,SMCB
UP-EMP-4006,SMCB
UP-EMP-4007,SMCB
UP-EMP-4008,SMCB
UP-EMP-1296,Farm LH
UP-EMP-131,SISD
UP-EMP-1444,MF&FI
UP-EMP-1544,M&E
UP-EMP-1769,MF&FI
UP-EMP-1852,SISD
UP-EMP-2226,SISD
UP-EMP-2588,M&E
UP-EMP-3062,MF&FI
UP-EMP-3228,MF&FI
UP-EMP-3480,Farm LH
UP-EMP-746,NONFARM LH
UP-EMP-905,Farm LH
UP-EMP-077,Farm LH
UP-EMP-090,MF&FI
UP-EMP-1044,SISD
UP-EMP-1167,MF&FI
UP-EMP-1440,M&E
UP-EMP-1520,SISD
UP-EMP-1596,MF&FI
UP-EMP-204,Farm LH
UP-EMP-2120,Farm LH
UP-EMP-2358,NONFARM LH
UP-EMP-2369,NONFARM LH
UP-EMP-2411,Farm LH
UP-EMP-2500,SISD
UP-EMP-2528,SMCB
UP-EMP-2668,M&E
UP-EMP-2840,Farm LH
UP-EMP-2914,NONFARM LH
UP-EMP-3133,MF&FI
UP-EMP-3152,NONFARM LH
UP-EMP-3558,M&E
UP-EMP-3748,SMCB
UP-EMP-449,M&E
UP-EMP-509,SISD
UP-EMP-512,M&E
UP-EMP-546,SISD
UP-EMP-723,Farm LH
UP-EMP-916,SMCB
UP-EMP-937,NONFARM LH
UP-EMP-940,Farm LH
UP-EMP-040,NONFARM LH
UP-EMP-1041,SISD
UP-EMP-1116,Farm LH
UP-EMP-1202,NONFARM LH
UP-EMP-1231,NONFARM LH
UP-EMP-1268,Farm LH
UP-EMP-1500,Farm LH
UP-EMP-151,Farm LH
UP-EMP-1810,MF&FI
UP-EMP-1821,Farm LH
UP-EMP-1871,Farm LH
UP-EMP-2075,MF&FI
UP-EMP-2364,Farm LH
UP-EMP-274,M&E
UP-EMP-2881,SMCB
UP-EMP-2907,NONFARM LH
UP-EMP-2924,NONFARM LH
UP-EMP-3106,Farm LH
UP-EMP-3177,MF&FI
UP-EMP-3403,MF&FI
UP-EMP-3411,SISD
UP-EMP-3414,SMCB
UP-EMP-3486,SMCB
UP-EMP-3621,Farm LH
UP-EMP-3677,SMCB
UP-EMP-472,M&E
UP-EMP-494,NONFARM LH
UP-EMP-555,NONFARM LH
UP-EMP-586,NONFARM LH
UP-EMP-884,MF&FI
UP-EMP-042,M&E
UP-EMP-1007,SMCB
UP-EMP-1211,M&E
UP-EMP-1277,MF&FI
UP-EMP-1358,M&E
UP-EMP-2022,Farm LH
UP-EMP-2313,SISD
UP-EMP-2442,SMCB
UP-EMP-2545,SISD
UP-EMP-2554,SISD
UP-EMP-2652,Farm LH
UP-EMP-2809,MF&FI
UP-EMP-2946,SMCB
UP-EMP-3122,SMCB
UP-EMP-3148,Farm LH
UP-EMP-3257,M&E
UP-EMP-4057,MF&FI
UP-EMP-4080,M&E
UP-EMP-456,SISD
UP-EMP-635,M&E
UP-EMP-727,MF&FI
UP-EMP-785,Farm LH
UP-EMP-972,Farm LH
UP-EMP-3767,Farm LH
UP-EMP-3770,Farm LH
UP-EMP-3771,NONFARM LH
UP-EMP-3785,Farm LH
UP-EMP-3787,Farm LH
UP-EMP-3796,M&E
UP-EMP-3811,MF&FI
UP-EMP-3813,MF&FI
UP-EMP-3819,MF&FI
UP-EMP-3823,SISD
UP-EMP-3824,SISD
UP-EMP-3825,SISD
UP-EMP-3827,SISD
UP-EMP-3833,NONFARM LH
UP-EMP-3835,NONFARM LH
UP-EMP-3836,NONFARM LH
UP-EMP-3839,NONFARM LH
UP-EMP-3846,NONFARM LH
UP-EMP-3860,SMCB
UP-EMP-3861,SMCB
UP-EMP-3899,SISD
UP-EMP-3901,NONFARM LH
UP-EMP-4082,M&E
UP-EMP-1010,M&E
UP-EMP-1197,MF&FI
UP-EMP-1489,MF&FI
UP-EMP-1508,SMCB
UP-EMP-173,SMCB
UP-EMP-1983,Farm LH
UP-EMP-2115,Farm LH
UP-EMP-2192,NONFARM LH
UP-EMP-2201,SMCB
UP-EMP-2453,M&E
UP-EMP-2457,Farm LH
UP-EMP-2463,Farm LH
UP-EMP-2508,SISD
UP-EMP-2524,NONFARM LH
UP-EMP-2650,SISD
UP-EMP-2692,M&E
UP-EMP-2784,NONFARM LH
UP-EMP-2844,Farm LH
UP-EMP-2887,Farm LH
UP-EMP-299,Farm LH
UP-EMP-2993,MF&FI
UP-EMP-303,M&E
UP-EMP-3090,SISD
UP-EMP-3123,SMCB
UP-EMP-3343,SMCB
UP-EMP-3355,SMCB
UP-EMP-3427,Farm LH
UP-EMP-3518,Farm LH
UP-EMP-3563,MF&FI
UP-EMP-3610,MF&FI
UP-EMP-3632,Farm LH
UP-EMP-3637,NONFARM LH
UP-EMP-3658,SMCB
UP-EMP-3959,MF&FI
UP-EMP-4063,SISD
UP-EMP-4070,Farm LH
UP-EMP-4079,NONFARM LH
UP-EMP-4081,SMCB
UP-EMP-4126,MCLF
UP-EMP-687,MF&FI
UP-EMP-743,SISD
UP-EMP-814,Farm LH
UP-EMP-850,MF&FI
UP-EMP-971,NONFARM LH
UP-EMP-988,SMCB
UP-EMP-046,NONFARM LH
UP-EMP-097,MF&FI
UP-EMP-1119,NONFARM LH
UP-EMP-1143,NONFARM LH
UP-EMP-1182,M&E
UP-EMP-1215,NONFARM LH
UP-EMP-1235,NONFARM LH
UP-EMP-1353,Farm LH
UP-EMP-1605,M&E
UP-EMP-1663,NONFARM LH
UP-EMP-1689,SMCB
UP-EMP-1740,NONFARM LH
UP-EMP-1872,Farm LH
UP-EMP-1884,MF&FI
UP-EMP-1954,SMCB
UP-EMP-2217,SISD
UP-EMP-2387,MF&FI
UP-EMP-2518,SISD
UP-EMP-2564,Farm LH
UP-EMP-2600,NONFARM LH
UP-EMP-3014,SMCB
UP-EMP-3273,Farm LH
UP-EMP-3361,MF&FI
UP-EMP-3443,NONFARM LH
UP-EMP-3490,Farm LH
UP-EMP-520,Farm LH
UP-EMP-710,SISD
UP-EMP-1160,NONFARM LH
UP-EMP-1175,SMCB
UP-EMP-1218,M&E
UP-EMP-1257,NONFARM LH
UP-EMP-1534,MF&FI
UP-EMP-1650,SMCB
UP-EMP-1732,MF&FI
UP-EMP-1831,SMCB
UP-EMP-1862,Farm LH
UP-EMP-1953,MF&FI
UP-EMP-1974,M&E
UP-EMP-2241,SISD
UP-EMP-2348,M&E
UP-EMP-2769,SMCB
UP-EMP-2791,SISD
UP-EMP-2835,SISD
UP-EMP-2954,SISD
UP-EMP-3040,SISD
UP-EMP-3087,M&E
UP-EMP-3211,Farm LH
UP-EMP-3356,Farm LH
UP-EMP-3574,M&E
UP-EMP-3669,Farm LH
UP-EMP-3753,SMCB
UP-EMP-444,M&E
UP-EMP-540,SISD
UP-EMP-681,NONFARM LH
UP-EMP-801,SMCB
UP-EMP-817,MF&FI
UP-EMP-866,NONFARM LH
UP-EMP-904,MF&FI
UP-EMP-913,NONFARM LH
UP-EMP-117,M&E
UP-EMP-1232,SISD
UP-EMP-1254,Farm LH
UP-EMP-1267,MF&FI
UP-EMP-1269,SISD
UP-EMP-1498,NONFARM LH
UP-EMP-1511,MF&FI
UP-EMP-1512,SMCB
UP-EMP-1622,SISD
UP-EMP-1720,SMCB
UP-EMP-1736,NONFARM LH
UP-EMP-1747,Farm LH
UP-EMP-1752,SMCB
UP-EMP-1759,NONFARM LH
UP-EMP-1873,SMCB
UP-EMP-2097,SMCB
UP-EMP-2135,MF&FI
UP-EMP-2258,Farm LH
UP-EMP-2501,M&E
UP-EMP-2565,SISD
UP-EMP-2596,M&E
UP-EMP-2613,NONFARM LH
UP-EMP-3132,MF&FI
UP-EMP-3280,NONFARM LH
UP-EMP-3379,SISD
UP-EMP-3425,SISD
UP-EMP-3475,NONFARM LH
UP-EMP-3639,M&E
UP-EMP-661,NONFARM LH
UP-EMP-772,Farm LH
UP-EMP-026,SISD
UP-EMP-028,M&E
UP-EMP-044,NONFARM LH
UP-EMP-1013,SMCB
UP-EMP-1019,MF&FI
UP-EMP-115,Farm LH
UP-EMP-1150,SISD
UP-EMP-1154,Farm LH
UP-EMP-119,Farm LH
UP-EMP-1408,SMCB
UP-EMP-1421,NONFARM LH
UP-EMP-1684,Farm LH
UP-EMP-1839,NONFARM LH
UP-EMP-1865,SMCB
UP-EMP-1875,MF&FI
UP-EMP-1946,SMCB
UP-EMP-2063,NONFARM LH
UP-EMP-2082,MF&FI
UP-EMP-2163,NONFARM LH
UP-EMP-2312,SMCB
UP-EMP-2325,MF&FI
UP-EMP-2428,Farm LH
UP-EMP-2450,SISD
UP-EMP-2473,SMCB
UP-EMP-2546,NONFARM LH
UP-EMP-2597,Farm LH
UP-EMP-267,NONFARM LH
UP-EMP-2671,NONFARM LH
UP-EMP-2806,NONFARM LH
UP-EMP-2812,NONFARM LH
UP-EMP-2854,NONFARM LH
UP-EMP-3111,SISD
UP-EMP-3242,SISD
UP-EMP-3269,SMCB
UP-EMP-330,MF&FI
UP-EMP-3307,SMCB
UP-EMP-3339,MF&FI
UP-EMP-3360,M&E
UP-EMP-3441,MF&FI
UP-EMP-3494,Farm LH
UP-EMP-3521,Farm LH
UP-EMP-3628,MF&FI
UP-EMP-3647,Farm LH
UP-EMP-3664,Farm LH
UP-EMP-609,Farm LH
UP-EMP-641,M&E
UP-EMP-932,M&E
UP-EMP-037,Farm LH
UP-EMP-086,Farm LH
UP-EMP-1102,SMCB
UP-EMP-1252,SMCB
UP-EMP-1270,NONFARM LH
UP-EMP-1280,SISD
UP-EMP-1287,M&E
UP-EMP-1376,MF&FI
UP-EMP-1424,MF&FI
UP-EMP-1438,NONFARM LH
UP-EMP-1445,NONFARM LH
UP-EMP-1493,Farm LH
UP-EMP-1503,NONFARM LH
UP-EMP-1505,M&E
UP-EMP-1527,SISD
UP-EMP-1577,SISD
UP-EMP-1586,MF&FI
UP-EMP-1590,SMCB
UP-EMP-1624,Farm LH
UP-EMP-166,M&E
UP-EMP-1690,SMCB
UP-EMP-1849,Farm LH
UP-EMP-1856,SISD
UP-EMP-2125,NONFARM LH
UP-EMP-2170,NONFARM LH
UP-EMP-2265,SMCB
UP-EMP-2284,Farm LH
UP-EMP-2326,SMCB
UP-EMP-2335,SISD
UP-EMP-2474,Farm LH
UP-EMP-2579,NONFARM LH
UP-EMP-258,NONFARM LH
UP-EMP-2581,MF&FI
UP-EMP-2599,MF&FI
UP-EMP-2637,MF&FI
UP-EMP-2691,M&E
UP-EMP-2741,MF&FI
UP-EMP-2776,SISD
UP-EMP-278,Farm LH
UP-EMP-2803,M&E
UP-EMP-2898,SISD
UP-EMP-2937,Farm LH
UP-EMP-2966,SMCB
UP-EMP-301,Farm LH
UP-EMP-3024,SMCB
UP-EMP-3147,M&E
UP-EMP-3149,SMCB
UP-EMP-3161,Farm LH
UP-EMP-3193,SMCB
UP-EMP-3194,Farm LH
UP-EMP-3237,SISD
UP-EMP-3375,M&E
UP-EMP-3404,SISD
UP-EMP-3481,SMCB
UP-EMP-3497,NONFARM LH
UP-EMP-3502,MF&FI
UP-EMP-3596,SISD
UP-EMP-3662,SISD
UP-EMP-3670,Farm LH
UP-EMP-3687,NONFARM LH
UP-EMP-3714,M&E
UP-EMP-3716,MF&FI
UP-EMP-372,MF&FI
UP-EMP-4099,MCLF
UP-EMP-4140,MCLF
UP-EMP-4176,MCLF
UP-EMP-470,MF&FI
UP-EMP-564,SMCB
UP-EMP-603,Farm LH
UP-EMP-634,SMCB
UP-EMP-642,SMCB
UP-EMP-667,SISD
UP-EMP-722,SISD
UP-EMP-869,SMCB
UP-EMP-917,MF&FI
UP-EMP-951,SISD
UP-EMP-952,MF&FI
UP-EMP-976,MF&FI
UP-EMP-1018,NONFARM LH
UP-EMP-3004,M&E
UP-EMP-3409,Farm LH
UP-EMP-3931,Farm LH
UP-EMP-3933,MF&FI
UP-EMP-3934,SISD
UP-EMP-3935,Farm LH
UP-EMP-3936,Farm LH
UP-EMP-3937,Farm LH
UP-EMP-3943,Farm LH
UP-EMP-3944,Farm LH
UP-EMP-3945,Farm LH
UP-EMP-3948,M&E
UP-EMP-3951,M&E
UP-EMP-3952,M&E
UP-EMP-3953,M&E
UP-EMP-3954,M&E
UP-EMP-3955,M&E
UP-EMP-3966,MF&FI
UP-EMP-3967,MF&FI
UP-EMP-3974,SISD
UP-EMP-3975,SISD
UP-EMP-3976,SISD
UP-EMP-3977,SISD
UP-EMP-3980,NONFARM LH
UP-EMP-3981,NONFARM LH
UP-EMP-3985,NONFARM LH
UP-EMP-3990,NONFARM LH
UP-EMP-3992,NONFARM LH
UP-EMP-3994,NONFARM LH
UP-EMP-3996,SMCB
UP-EMP-3997,SMCB
UP-EMP-4003,SMCB
UP-EMP-4004,SMCB
UP-EMP-4005,SMCB
UP-EMP-4025,SMCB
UP-EMP-4026,M&E
UP-EMP-4027,SISD
UP-EMP-4028,SISD
UP-EMP-4029,SMCB
UP-EMP-4030,Farm LH
UP-EMP-4031,MF&FI
UP-EMP-4033,SISD
UP-EMP-4034,Farm LH
UP-EMP-4035,SMCB
UP-EMP-4037,SISD
UP-EMP-4038,M&E
UP-EMP-1180,NONFARM LH
UP-EMP-1184,Farm LH
UP-EMP-1204,NONFARM LH
UP-EMP-1225,MF&FI
UP-EMP-1676,SISD
UP-EMP-1707,NONFARM LH
UP-EMP-1738,SISD
UP-EMP-1746,MF&FI
UP-EMP-1754,M&E
UP-EMP-1755,M&E
UP-EMP-1761,SMCB
UP-EMP-1918,NONFARM LH
UP-EMP-2281,Farm LH
UP-EMP-2289,NONFARM LH
UP-EMP-2300,NONFARM LH
UP-EMP-2366,Farm LH
UP-EMP-2679,Farm LH
UP-EMP-3010,NONFARM LH
UP-EMP-3916,SISD
UP-EMP-1021,NONFARM LH
UP-EMP-1065,SMCB
UP-EMP-1106,NONFARM LH
UP-EMP-1134,M&E
UP-EMP-1224,NONFARM LH
UP-EMP-1352,M&E
UP-EMP-1359,NONFARM LH
UP-EMP-1420,SISD
UP-EMP-1771,M&E
UP-EMP-1773,MF&FI
UP-EMP-1896,NONFARM LH
UP-EMP-2034,M&E
UP-EMP-2069,NONFARM LH
UP-EMP-2111,NONFARM LH
UP-EMP-2362,SMCB
UP-EMP-2583,SISD
UP-EMP-2633,SMCB
UP-EMP-3335,NONFARM LH
UP-EMP-3426,SISD
UP-EMP-349,Farm LH
UP-EMP-3549,MF&FI
UP-EMP-3652,MF&FI
UP-EMP-371,Farm LH
UP-EMP-3737,Farm LH
UP-EMP-3763,MF&FI
UP-EMP-398,NONFARM LH
UP-EMP-400,MF&FI
UP-EMP-440,Farm LH
UP-EMP-443,Farm LH
UP-EMP-468,SISD
UP-EMP-568,MF&FI
UP-EMP-701,SMCB
UP-EMP-720,SISD
UP-EMP-753,SMCB
UP-EMP-803,SMCB
UP-EMP-846,SMCB
UP-EMP-849,M&E
UP-EMP-088,Farm LH
UP-EMP-1082,M&E
UP-EMP-1185,NONFARM LH
UP-EMP-1322,SMCB
UP-EMP-1462,Farm LH
UP-EMP-1727,Farm LH
UP-EMP-2203,Farm LH
UP-EMP-2365,MF&FI
UP-EMP-2537,Farm LH
UP-EMP-2563,NONFARM LH
UP-EMP-2642,NONFARM LH
UP-EMP-2827,SISD
UP-EMP-2905,SISD
UP-EMP-298,SMCB
UP-EMP-3070,M&E
UP-EMP-325,SISD
UP-EMP-3282,M&E
UP-EMP-3321,SISD
UP-EMP-3323,MF&FI
UP-EMP-3519,NONFARM LH
UP-EMP-4083,SISD
UP-EMP-511,M&E
UP-EMP-577,SISD
UP-EMP-593,MF&FI
UP-EMP-696,SISD
UP-EMP-938,SMCB
UP-EMP-1170,SISD
UP-EMP-1361,SISD
UP-EMP-1458,NONFARM LH
UP-EMP-1562,MF&FI
UP-EMP-1565,NONFARM LH
UP-EMP-1573,MF&FI
UP-EMP-1632,Farm LH
UP-EMP-1671,M&E
UP-EMP-1838,NONFARM LH
UP-EMP-1927,SMCB
UP-EMP-1961,SISD
UP-EMP-2024,MF&FI
UP-EMP-2196,NONFARM LH
UP-EMP-2222,SMCB
UP-EMP-2251,MF&FI
UP-EMP-2513,NONFARM LH
UP-EMP-2514,SMCB
UP-EMP-3018,M&E
UP-EMP-3369,SISD
UP-EMP-3431,NONFARM LH
UP-EMP-3455,Farm LH
UP-EMP-533,SMCB
UP-EMP-534,Farm LH
UP-EMP-693,MF&FI
UP-EMP-981,SISD
UP-EMP-1113,MF&FI
UP-EMP-120,MF&FI
UP-EMP-1403,MF&FI
UP-EMP-1876,SISD
UP-EMP-1901,Farm LH
UP-EMP-1945,SISD
UP-EMP-2288,M&E
UP-EMP-2315,SMCB
UP-EMP-2372,Farm LH
UP-EMP-2509,Farm LH
UP-EMP-2578,MF&FI
UP-EMP-2669,SISD
UP-EMP-2936,Farm LH
UP-EMP-2949,SMCB
UP-EMP-2984,Farm LH
UP-EMP-322,M&E
UP-EMP-3297,SMCB
UP-EMP-3353,SISD
UP-EMP-3390,SMCB
UP-EMP-3695,SISD
UP-EMP-421,SISD
UP-EMP-618,SMCB
UP-EMP-806,SISD
UP-EMP-1020,MF&FI
UP-EMP-1028,NONFARM LH
UP-EMP-1145,Farm LH
UP-EMP-1190,NONFARM LH
UP-EMP-1191,SISD
UP-EMP-1230,SISD
UP-EMP-1371,NONFARM LH
UP-EMP-1703,SMCB
UP-EMP-1760,MF&FI
UP-EMP-1808,MF&FI
UP-EMP-2105,SMCB
UP-EMP-2224,SISD
UP-EMP-2285,SMCB
UP-EMP-2456,NONFARM LH
UP-EMP-2484,NONFARM LH
UP-EMP-2586,SMCB
UP-EMP-2595,SISD
UP-EMP-2752,M&E
UP-EMP-2801,Farm LH
UP-EMP-2814,Farm LH
UP-EMP-2831,MF&FI
UP-EMP-2839,SISD
UP-EMP-2893,M&E
UP-EMP-3016,SMCB
UP-EMP-3052,SMCB
UP-EMP-3170,NONFARM LH
UP-EMP-3182,Farm LH
UP-EMP-3241,NONFARM LH
UP-EMP-3279,SISD
UP-EMP-3312,MF&FI
UP-EMP-3474,SMCB
UP-EMP-3597,M&E
UP-EMP-3735,SISD
UP-EMP-3747,SISD
UP-EMP-451,SISD
UP-EMP-589,NONFARM LH
UP-EMP-816,M&E
UP-EMP-861,SMCB
UP-EMP-1141,Farm LH
UP-EMP-1196,NONFARM LH
UP-EMP-1415,SMCB
UP-EMP-149,Farm LH
UP-EMP-1575,SMCB
UP-EMP-159,Farm LH
UP-EMP-1801,MF&FI
UP-EMP-2014,Farm LH
UP-EMP-2620,NONFARM LH
UP-EMP-2638,MF&FI
UP-EMP-2643,SMCB
UP-EMP-2962,SISD
UP-EMP-3013,NONFARM LH
UP-EMP-3341,M&E
UP-EMP-3388,Farm LH
UP-EMP-474,MF&FI
UP-EMP-611,MF&FI
UP-EMP-671,M&E
UP-EMP-014,Farm LH
UP-EMP-1081,MF&FI
UP-EMP-1107,Farm LH
UP-EMP-1273,SMCB
UP-EMP-1464,MF&FI
UP-EMP-1479,Farm LH
UP-EMP-1751,M&E
UP-EMP-183,M&E
UP-EMP-207,SISD
UP-EMP-2458,MF&FI
UP-EMP-247,Farm LH
UP-EMP-2636,SISD
UP-EMP-2680,SISD
UP-EMP-382,NONFARM LH
UP-EMP-4047,MF&FI
UP-EMP-4049,NONFARM LH
UP-EMP-4050,SMCB
UP-EMP-4051,NONFARM LH
UP-EMP-043,SISD
UP-EMP-1111,NONFARM LH
UP-EMP-116,NONFARM LH
UP-EMP-1261,SMCB
UP-EMP-1303,Farm LH
UP-EMP-1356,MF&FI
UP-EMP-1389,NONFARM LH
UP-EMP-1515,SMCB
UP-EMP-1521,MF&FI
UP-EMP-1606,Farm LH
UP-EMP-1817,MF&FI
UP-EMP-1850,NONFARM LH
UP-EMP-2007,M&E
UP-EMP-2132,SISD
UP-EMP-2197,NONFARM LH
UP-EMP-2209,NONFARM LH
UP-EMP-2406,SISD
UP-EMP-2455,Farm LH
UP-EMP-2845,Farm LH
UP-EMP-288,SISD
UP-EMP-2890,M&E
UP-EMP-3058,MF&FI
UP-EMP-3084,M&E
UP-EMP-3094,Farm LH
UP-EMP-3165,NONFARM LH
UP-EMP-3349,M&E
UP-EMP-3439,SMCB
UP-EMP-3594,SISD
UP-EMP-3605,M&E
UP-EMP-3699,M&E
UP-EMP-515,NONFARM LH
UP-EMP-576,NONFARM LH
UP-EMP-874,NONFARM LH
UP-EMP-927,Farm LH
UP-EMP-007,M&E
UP-EMP-041,SISD
UP-EMP-098,M&E
UP-EMP-1004,Farm LH
UP-EMP-1058,SISD
UP-EMP-1072,SISD
UP-EMP-1140,NONFARM LH
UP-EMP-1192,MF&FI
UP-EMP-1514,M&E
UP-EMP-1579,MF&FI
UP-EMP-1805,M&E
UP-EMP-1809,MF&FI
UP-EMP-1893,SMCB
UP-EMP-1957,NONFARM LH
UP-EMP-1959,M&E
UP-EMP-1966,Farm LH
UP-EMP-1971,Farm LH
UP-EMP-2049,NONFARM LH
UP-EMP-2188,NONFARM LH
UP-EMP-2262,MF&FI
UP-EMP-229,NONFARM LH
UP-EMP-2292,SISD
UP-EMP-2472,SISD
UP-EMP-2662,NONFARM LH
UP-EMP-2712,M&E
UP-EMP-2762,SMCB
UP-EMP-2796,Farm LH
UP-EMP-2833,SISD
UP-EMP-2867,MF&FI
UP-EMP-292,SISD
UP-EMP-3032,MF&FI
UP-EMP-3195,SISD
UP-EMP-3202,SMCB
UP-EMP-3225,SMCB
UP-EMP-356,SMCB
UP-EMP-3650,MF&FI
UP-EMP-393,M&E
UP-EMP-458,SMCB
UP-EMP-713,M&E
UP-EMP-837,SISD
UP-EMP-898,NONFARM LH
UP-EMP-1248,M&E
UP-EMP-1264,SISD
UP-EMP-1283,Farm LH
UP-EMP-1558,MF&FI
UP-EMP-1563,NONFARM LH
UP-EMP-1574,Farm LH
UP-EMP-1634,SISD
UP-EMP-1698,Farm LH
UP-EMP-1794,SMCB
UP-EMP-1795,M&E
UP-EMP-1842,SMCB
UP-EMP-2098,SISD
UP-EMP-2199,MF&FI
UP-EMP-2248,MF&FI
UP-EMP-2392,M&E
UP-EMP-2519,SMCB
UP-EMP-2544,NONFARM LH
UP-EMP-2585,SISD
UP-EMP-2594,MF&FI
UP-EMP-2632,NONFARM LH
UP-EMP-2925,SISD
UP-EMP-2972,M&E
UP-EMP-3081,MF&FI
UP-EMP-3093,NONFARM LH
UP-EMP-3232,Farm LH
UP-EMP-3295,SISD
UP-EMP-3308,MF&FI
UP-EMP-3351,NONFARM LH
UP-EMP-3505,SISD
UP-EMP-3507,Farm LH
UP-EMP-3576,MF&FI
UP-EMP-3630,SMCB
UP-EMP-3676,Farm LH
UP-EMP-480,NONFARM LH
UP-EMP-607,NONFARM LH
UP-EMP-740,SMCB
UP-EMP-957,SMCB
UP-EMP-020,M&E
UP-EMP-073,MF&FI
UP-EMP-1360,NONFARM LH
UP-EMP-1532,NONFARM LH
UP-EMP-1581,NONFARM LH
UP-EMP-1635,M&E
UP-EMP-1654,Farm LH
UP-EMP-1715,Farm LH
UP-EMP-1784,NONFARM LH
UP-EMP-1907,NONFARM LH
UP-EMP-1916,NONFARM LH
UP-EMP-1939,SMCB
UP-EMP-2015,Farm LH
UP-EMP-2018,SMCB
UP-EMP-202,SISD
UP-EMP-2026,Farm LH
UP-EMP-2027,M&E
UP-EMP-2039,SMCB
UP-EMP-2046,SMCB
UP-EMP-2089,MF&FI
UP-EMP-2114,M&E
UP-EMP-218,Farm LH
UP-EMP-223,Farm LH
UP-EMP-2240,MF&FI
UP-EMP-230,SMCB
UP-EMP-2342,Farm LH
UP-EMP-2346,Farm LH
UP-EMP-2454,NONFARM LH
UP-EMP-2467,NONFARM LH
UP-EMP-2468,NONFARM LH
UP-EMP-2525,SISD
UP-EMP-2572,SMCB
UP-EMP-2781,Farm LH
UP-EMP-2960,SMCB
UP-EMP-3020,Farm LH
UP-EMP-3037,SMCB
UP-EMP-3049,Farm LH
UP-EMP-308,MF&FI
UP-EMP-3127,M&E
UP-EMP-3139,MF&FI
UP-EMP-3226,NONFARM LH
UP-EMP-3227,Farm LH
UP-EMP-339,NONFARM LH
UP-EMP-3440,MF&FI
UP-EMP-3446,SISD
UP-EMP-3525,SISD
UP-EMP-3557,MF&FI
UP-EMP-359,Farm LH
UP-EMP-361,MF&FI
UP-EMP-4135,MCLF
UP-EMP-4142,MCLF
UP-EMP-4144,MCLF
UP-EMP-4147,MCLF
UP-EMP-4164,MCLF
UP-EMP-432,Farm LH
UP-EMP-483,SMCB
UP-EMP-501,M&E
UP-EMP-573,SISD
UP-EMP-612,M&E
UP-EMP-668,NONFARM LH
UP-EMP-827,SMCB
UP-EMP-908,NONFARM LH
UP-EMP-963,M&E
UP-EMP-1227,SMCB
UP-EMP-1309,Farm LH
UP-EMP-1559,MF&FI
UP-EMP-1628,SMCB
UP-EMP-1653,NONFARM LH
UP-EMP-1722,NONFARM LH
UP-EMP-1743,Farm LH
UP-EMP-192,SISD
UP-EMP-1920,NONFARM LH
UP-EMP-2057,M&E
UP-EMP-2106,M&E
UP-EMP-2152,Farm LH
UP-EMP-2378,Farm LH
UP-EMP-2381,Farm LH
UP-EMP-2413,SMCB
UP-EMP-2452,SMCB
UP-EMP-249,Farm LH
UP-EMP-2566,NONFARM LH
UP-EMP-2622,MF&FI
UP-EMP-2674,M&E
UP-EMP-2807,SISD
UP-EMP-2813,Farm LH
UP-EMP-2885,Farm LH
UP-EMP-290,Farm LH
UP-EMP-294,SISD
UP-EMP-2965,MF&FI
UP-EMP-2977,MF&FI
UP-EMP-3143,M&E
UP-EMP-3199,NONFARM LH
UP-EMP-3200,NONFARM LH
UP-EMP-324,NONFARM LH
UP-EMP-3329,NONFARM LH
UP-EMP-3389,SISD
UP-EMP-3479,NONFARM LH
UP-EMP-3483,NONFARM LH
UP-EMP-3539,MF&FI
UP-EMP-3603,Farm LH
UP-EMP-3616,M&E
UP-EMP-3648,SMCB
UP-EMP-370,SMCB
UP-EMP-3742,Farm LH
UP-EMP-3804,M&E
UP-EMP-395,M&E
UP-EMP-416,NONFARM LH
UP-EMP-429,MF&FI
UP-EMP-467,SISD
UP-EMP-526,SMCB
UP-EMP-610,Farm LH
UP-EMP-860,SISD
UP-EMP-982,MF&FI
UP-EMP-1155,MF&FI
UP-EMP-1238,Farm LH
UP-EMP-1433,SISD
UP-EMP-1501,NONFARM LH
UP-EMP-1604,MF&FI
UP-EMP-1625,MF&FI
UP-EMP-1645,SISD
UP-EMP-167,NONFARM LH
UP-EMP-1793,MF&FI
UP-EMP-1915,Farm LH
UP-EMP-2071,Farm LH
UP-EMP-2099,Farm LH
UP-EMP-2187,NONFARM LH
UP-EMP-2229,SISD
UP-EMP-2385,NONFARM LH
UP-EMP-2414,SMCB
UP-EMP-2504,M&E
UP-EMP-2520,SMCB
UP-EMP-2749,SISD
UP-EMP-2998,M&E
UP-EMP-3214,MF&FI
UP-EMP-3459,SISD
UP-EMP-3584,NONFARM LH
UP-EMP-3958,MF&FI
UP-EMP-404,Farm LH
UP-EMP-828,Farm LH
UP-EMP-945,M&E
AB-UPSRLM-002,HR
AB-UPSRLM-003,SISD
AB-UPSRLM-004,SISD
AB-UPSRLM-005,FNHW
AB-UPSRLM-006,SISD
AB-UPSRLM-007,HR
AB-UPSRLM-008,NONFARM LH
AB-UPSRLM-009,Farm LH
AB-UPSRLM-010,SISD
AB-UPSRLM-011,Farm LH
AB-UPSRLM-012,NONFARM LH
AB-UPSRLM-013,Farm LH
AB-UPSRLM-014,HR
AB-UPSRLM-015,MF&FI
AB-UPSRLM-018,FNHW
AB-UPSRLM-019,Farm LH
AB-UPSRLM-020,SISD
AB-UPSRLM-021,HR
AB-UPSRLM-022,SISD
AB-UPSRLM-024,MF&FI
AB-UPSRLM-025,SISD
AB-UPSRLM-026,Farm LH
AB-UPSRLM-028,M&E
AB-UPSRLM-029,NONFARM LH
AB-UPSRLM-030,MF&FI
AB-UPSRLM-031,Farm LH
AB-UPSRLM-032,NONFARM LH
AB-UPSRLM-033,Farm LH
AB-UPSRLM-034,Farm LH
AB-UPSRLM-035,NONFARM LH
AB-UPSRLM-037,Farm LH
AB-UPSRLM-038,SISD
AB-UPSRLM-039,SMCB
AB-UPSRLM-040,NONFARM LH
AB-UPSRLM-041,M&E
AB-UPSRLM-057,HR
AB-UPSRLM-060,NONFARM LH
AB-UPSRLM-061,SMCB
AB-UPSRLM-062,Farm LH
AB-UPSRLM-064,M&E
AB-UPSRLM-065,Farm LH
AB-UPSRLM-067,SMCB
AB-UPSRLM-068,MCLF
AB-UPSRLM-069,MCLF
AB-UPSRLM-070,FNHW
AB-UPSRLM-071,Farm LH
AB-UPSRLM-072,SISD
AB-UPSRLM-073,SMCB
AB-UPSRLM-074,NONFARM LH
AB-UPSRLM-075,NONFARM LH
AB-UPSRLM-076,HR
AB-UPSRLM-077,TNCB
AB-UPSRLM-078,NONFARM LH
